Index,Condition
1,3
2,5
3,4
4,4
5,4
6,3
7,3
8,3
9,4
10,3
11,3
12,5
13,3
14,4
15,3
16,4
17,4
18,3
19,3
20,3
21,5
22,4
23,3
24,3
25,3
26,4
27,4
28,5
29,3
30,4
31,4
32,3
33,3
34,3
35,3
36,3
37,4
38,4
39,5
40,4
41,4
42,4
43,4
44,3
45,2
46,3
47,4
48,3
49,3
50,3
51,3
52,3
53,4
54,3
55,3
56,4
57,3
58,3
59,3
60,3
61,3
62,3
63,3
64,3
65,3
66,3
67,4
68,4
69,3
70,5
71,3
72,3
73,3
74,3
75,3
76,3
77,4
78,3
79,4
80,3
81,3
82,3
83,5
84,4
85,4
86,2
87,5
88,3
89,3
90,4
91,4
92,4
93,4
94,4
95,4
96,4
97,3
98,3
99,3
100,5
101,3
102,3
103,3
104,3
105,4
106,3
107,3
108,3
109,3
110,3
111,3
112,3
113,3
114,5
115,3
116,4
117,3
118,5
119,3
120,4
121,5
122,4
123,3
124,3
125,4
126,4
127,5
128,4
129,3
130,3
131,3
132,4
133,3
134,3
135,3
136,4
137,4
138,3
139,3
140,3
141,3
142,3
143,3
144,3
145,3
146,3
147,3
148,3
149,3
150,3
151,3
152,3
153,3
154,4
155,3
156,4
157,3
158,3
159,3
160,4
161,4
162,3
163,3
164,3
165,3
166,3
167,5
168,3
169,3
170,4
171,3
172,4
173,3
174,3
175,4
176,3
177,3
178,3
179,4
180,4
181,3
182,3
183,3
184,3
185,5
186,3
187,3
188,3
189,3
190,3
191,3
192,4
193,3
194,4
195,4
196,3
197,3
198,4
199,3
200,3
201,3
202,5
203,3
204,4
205,3
206,3
207,3
208,5
209,5
210,3
211,3
212,3
213,3
214,3
215,3
216,4
217,3
218,3
219,4
220,4
221,3
222,4
223,3
224,3
225,3
226,3
227,3
228,3
229,3
230,3
231,3
232,3
233,3
234,3
235,3
236,5
237,4
238,3
239,4
240,4
241,3
242,3
243,4
244,5
245,4
246,4
247,4
248,4
249,3
250,3
251,3
252,4
253,5
254,4
255,3
256,3
257,4
258,5
259,3
260,3
261,2
262,4
263,4
264,4
265,4
266,3
267,3
268,3
269,3
270,4
271,5
272,3
273,3
274,3
275,3
276,3
277,3
278,4
279,3
280,3
281,4
282,3
283,3
284,4
285,4
286,3
287,4
288,3
289,4
290,4
291,3
292,3
293,4
294,3
295,4
296,3
297,3
298,4
299,5
300,3
301,3
302,5
303,3
304,4
305,4
306,3
307,4
308,3
309,3
310,3
311,3
312,3
313,3
314,3
315,3
316,3
317,4
318,3
319,4
320,3
321,3
322,3
323,5
324,4
325,3
326,3
327,3
328,4
329,3
330,3
331,3
332,3
333,3
334,3
335,4
336,3
337,3
338,4
339,5
340,3
341,4
342,3
343,4
344,3
345,4
346,2
347,3
348,3
349,4
350,4
351,3
352,3
353,3
354,4
355,3
356,4
357,4
358,5
359,3
360,4
361,3
362,4
363,3
364,3
365,3
366,4
367,5
368,4
369,5
370,3
371,3
372,4
373,5
374,4
375,3
376,2
377,3
378,4
379,3
380,3
381,5
382,3
383,3
384,3
385,3
386,3
387,3
388,3
389,3
390,4
391,3
392,3
393,5
394,4
395,3
396,4
397,4
398,3
399,3
400,4
401,3
402,3
403,1
404,5
405,3
406,3
407,3
408,3
409,4
410,3
411,4
412,5
413,3
414,3
415,5
416,4
417,4
418,4
419,4
420,5
421,3
422,4
423,3
424,4
425,3
426,4
427,3
428,3
429,4
430,4
431,3
432,4
433,4
434,3
435,4
436,4
437,3
438,3
439,3
440,3
441,3
442,3
443,3
444,4
445,3
446,3
447,3
448,3
449,4
450,4
451,4
452,4
453,3
454,3
455,4
456,3
457,3
458,3
459,3
460,3
461,3
462,3
463,3
464,3
465,5
466,3
467,3
468,3
469,3
470,4
471,3
472,3
473,3
474,3
475,3
476,3
477,4
478,5
479,4
480,3
481,3
482,3
483,4
484,5
485,3
486,4
487,3
488,3
489,3
490,3
491,3
492,5
493,4
494,4
495,3
496,4
497,4
498,3
499,3
500,4
501,3
502,3
503,3
504,3
505,4
506,4
507,4
508,3
509,3
510,4
511,3
512,4
513,4
514,4
515,3
516,3
517,5
518,3
519,5
520,3
521,4
522,3
523,3
524,4
525,3
526,4
527,3
528,3
529,3
530,5
531,3
532,5
533,4
534,5
535,3
536,4
537,5
538,3
539,3
540,3
541,3
542,3
543,3
544,3
545,3
546,3
547,4
548,3
549,3
550,3
551,3
552,4
553,3
554,4
555,5
556,3
557,3
558,3
559,5
560,4
561,3
562,4
563,3
564,5
565,4
566,3
567,4
568,3
569,4
570,5
571,4
572,3
573,4
574,4
575,3
576,3
577,4
578,4
579,3
580,3
581,4
582,2
583,3
584,3
585,3
586,3
587,4
588,3
589,3
590,3
591,3
592,3
593,4
594,5
595,5
596,4
597,3
598,5
599,3
600,4
601,4
602,4
603,3
604,5
605,4
606,4
607,3
608,3
609,3
610,3
611,3
612,4
613,3
614,4
615,3
616,4
617,3
618,3
619,3
620,3
621,3
622,3
623,3
624,3
625,3
626,3
627,4
628,3
629,4
630,5
631,4
632,4
633,5
634,3
635,3
636,3
637,3
638,5
639,5
640,4
641,4
642,3
643,3
644,3
645,3
646,5
647,3
648,3
649,3
650,4
651,3
652,3
653,5
654,4
655,3
656,4
657,5
658,4
659,3
660,3
661,4
662,3
663,3
664,4
665,3
666,4
667,3
668,3
669,4
670,4
671,3
672,3
673,3
674,3
675,5
676,3
677,4
678,3
679,4
680,3
681,3
682,3
683,3
684,3
685,4
686,4
687,3
688,3
689,4
690,4
691,3
692,3
693,4
694,3
695,4
696,3
697,3
698,3
699,4
700,3
701,3
702,3
703,3
704,3
705,3
706,3
707,3
708,3
709,3
710,3
711,3
712,3
713,4
714,4
715,3
716,4
717,3
718,3
719,3
720,3
721,3
722,4
723,3
724,3
725,3
726,4
727,3
728,3
729,3
730,4
731,3
732,3
733,4
734,3
735,3
736,3
737,3
738,4
739,3
740,3
741,3
742,3
743,4
744,3
745,4
746,3
747,3
748,4
749,4
750,4
751,5
752,3
753,3
754,3
755,3
756,3
757,3
758,5
759,3
760,4
761,4
762,5
763,3
764,3
765,3
766,3
767,5
768,4
769,3
770,3
771,3
772,3
773,3
774,3
775,3
776,3
777,3
778,3
779,3
780,3
781,3
782,3
783,3
784,3
785,3
786,3
787,4
788,3
789,5
790,3
791,4
792,3
793,3
794,3
795,3
796,4
797,3
798,3
799,4
800,4
801,3
802,4
803,3
804,3
805,3
806,3
807,4
808,3
809,5
810,5
811,3
812,4
813,3
814,3
815,4
816,3
817,4
818,3
819,4
820,3
821,4
822,3
823,3
824,3
825,3
826,3
827,3
828,3
829,3
830,3
831,3
832,3
833,4
834,4
835,3
836,3
837,4
838,4
839,3
840,4
841,3
842,3
843,3
844,3
845,3
846,3
847,3
848,3
849,3
850,3
851,3
852,4
853,3
854,4
855,3
856,3
857,5
858,4
859,5
860,4
861,3
862,3
863,5
864,5
865,3
866,3
867,5
868,5
869,3
870,3
871,4
872,3
873,3
874,5
875,4
876,3
877,4
878,4
879,4
880,3
881,3
882,3
883,5
884,4
885,4
886,3
887,3
888,3
889,3
890,3
891,3
892,4
893,4
894,4
895,2
896,3
897,4
898,3
899,4
900,3
901,3
902,3
903,4
904,3
905,3
906,3
907,3
908,3
909,3
910,3
911,4
912,4
913,5
914,5
915,3
916,3
917,3
918,3
919,3
920,3
921,3
922,3
923,5
924,4
925,3
926,3
927,4
928,4
929,3
930,3
931,3
932,3
933,3
934,3
935,3
936,3
937,2
938,3
939,3
940,3
941,3
942,4
943,4
944,3
945,4
946,5
947,4
948,3
949,4
950,4
951,4
952,3
953,3
954,4
955,3
956,4
957,3
958,4
959,3
960,4
961,4
962,3
963,4
964,4
965,3
966,3
967,4
968,4
969,3
970,3
971,3
972,3
973,4
974,4
975,4
976,3
977,3
978,3
979,2
980,4
981,4
982,4
983,3
984,4
985,3
986,4
987,4
988,3
989,3
990,3
991,3
992,3
993,3
994,3
995,3
996,3
997,4
998,3
999,5
1000,4
1001,3
1002,3
1003,5
1004,4
1005,3
1006,4
1007,4
1008,3
1009,4
1010,4
1011,5
1012,4
1013,3
1014,4
1015,3
1016,4
1017,4
1018,3
1019,3
1020,3
1021,4
1022,3
1023,3
1024,4
1025,3
1026,4
1027,4
1028,4
1029,3
1030,4
1031,3
1032,3
1033,3
1034,3
1035,3
1036,3
1037,3
1038,3
1039,3
1040,3
1041,3
1042,3
1043,3
1044,3
1045,3
1046,3
1047,4
1048,3
1049,3
1050,4
1051,3
1052,5
1053,3
1054,3
1055,3
1056,3
1057,3
1058,3
1059,4
1060,4
1061,4
1062,4
1063,3
1064,3
1065,3
1066,4
1067,3
1068,5
1069,3
1070,3
1071,4
1072,3
1073,3
1074,5
1075,4
1076,3
1077,3
1078,3
1079,5
1080,3
1081,4
1082,4
1083,3
1084,3
1085,4
1086,4
1087,5
1088,3
1089,3
1090,3
1091,3
1092,3
1093,3
1094,3
1095,3
1096,3
1097,3
1098,3
1099,3
1100,3
1101,3
1102,5
1103,3
1104,3
1105,3
1106,3
1107,4
1108,3
1109,3
1110,3
1111,4
1112,3
1113,3
1114,3
1115,3
1116,3
1117,3
1118,4
1119,3
1120,3
1121,3
1122,3
1123,5
1124,3
1125,3
1126,3
1127,3
1128,5
1129,3
1130,3
1131,3
1132,3
1133,3
1134,3
1135,3
1136,3
1137,3
1138,4
1139,3
1140,3
1141,5
1142,3
1143,3
1144,4
1145,3
1146,4
1147,3
1148,4
1149,4
1150,3
1151,3
1152,5
1153,3
1154,3
1155,3
1156,2
1157,3
1158,3
1159,4
1160,4
1161,4
1162,5
1163,5
1164,3
1165,2
1166,3
1167,4
1168,3
1169,3
1170,3
1171,4
1172,4
1173,3
1174,5
1175,5
1176,3
1177,4
1178,3
1179,3
1180,3
1181,5
1182,3
1183,3
1184,3
1185,3
1186,4
1187,3
1188,3
1189,3
1190,3
1191,5
1192,3
1193,3
1194,4
1195,3
1196,3
1197,3
1198,3
1199,4
1200,3
1201,4
1202,3
1203,3
1204,3
1205,3
1206,3
1207,4
1208,3
1209,3
1210,3
1211,3
1212,3
1213,3
1214,3
1215,3
1216,3
1217,3
1218,3
1219,4
1220,2
1221,4
1222,5
1223,3
1224,3
1225,5
1226,3
1227,5
1228,4
1229,3
1230,5
1231,4
1232,3
1233,3
1234,3
1235,4
1236,3
1237,3
1238,3
1239,3
1240,5
1241,3
1242,3
1243,4
1244,3
1245,4
1246,3
1247,3
1248,3
1249,4
1250,5
1251,4
1252,3
1253,3
1254,3
1255,4
1256,3
1257,3
1258,3
1259,3
1260,3
1261,4
1262,4
1263,3
1264,5
1265,3
1266,3
1267,3
1268,3
1269,3
1270,5
1271,4
1272,4
1273,3
1274,4
1275,4
1276,3
1277,3
1278,3
1279,4
1280,3
1281,3
1282,3
1283,4
1284,3
1285,3
1286,3
1287,3
1288,5
1289,3
1290,3
1291,4
1292,5
1293,3
1294,4
1295,3
1296,3
1297,3
1298,3
1299,3
1300,5
1301,3
1302,3
1303,3
1304,5
1305,3
1306,4
1307,3
1308,5
1309,3
1310,3
1311,3
1312,3
1313,3
1314,3
1315,5
1316,3
1317,4
1318,4
1319,3
1320,3
1321,3
1322,4
1323,4
1324,3
1325,4
1326,3
1327,3
1328,3
1329,4
1330,3
1331,3
1332,3
1333,4
1334,4
1335,3
1336,3
1337,3
1338,5
1339,3
1340,2
1341,3
1342,3
1343,4
1344,3
1345,5
1346,3
1347,3
1348,3
1349,4
1350,4
1351,5
1352,4
1353,3
1354,3
1355,3
1356,3
1357,3
1358,3
1359,5
1360,3
1361,3
1362,3
1363,5
1364,3
1365,4
1366,3
1367,3
1368,5
1369,3
1370,3
1371,3
1372,3
1373,5
1374,4
1375,4
1376,3
1377,3
1378,3
1379,3
1380,3
1381,3
1382,3
1383,3
1384,4
1385,4
1386,3
1387,3
1388,3
1389,5
1390,5
1391,3
1392,4
1393,4
1394,4
1395,3
1396,3
1397,3
1398,3
1399,3
1400,4
1401,3
1402,3
1403,3
1404,3
1405,3
1406,3
1407,3
1408,4
1409,3
1410,3
1411,3
1412,3
1413,3
1414,3
1415,3
1416,3
1417,3
1418,3
1419,3
1420,3
1421,3
1422,4
1423,1
1424,4
1425,3
1426,3
1427,3
1428,4
1429,3
1430,5
1431,3
1432,3
1433,4
1434,5
1435,4
1436,5
1437,3
1438,5
1439,5
1440,3
1441,4
1442,3
1443,3
1444,3
1445,4
1446,4
1447,3
1448,3
1449,3
1450,4
1451,3
1452,3
1453,3
1454,3
1455,3
1456,3
1457,4
1458,3
1459,3
1460,4
1461,3
1462,3
1463,3
1464,3
1465,3
1466,5
1467,3
1468,5
1469,3
1470,4
1471,4
1472,3
1473,5
1474,4
1475,3
1476,3
1477,4
1478,4
1479,3
1480,3
1481,3
1482,3
1483,3
1484,3
1485,3
1486,4
1487,3
1488,4
1489,4
1490,3
1491,4
1492,4
1493,3
1494,5
1495,4
1496,4
1497,3
1498,3
1499,5
1500,4
1501,5
1502,3
1503,3
1504,5
1505,3
1506,3
1507,3
1508,3
1509,3
1510,5
1511,3
1512,4
1513,3
1514,3
1515,4
1516,3
1517,5
1518,3
1519,3
1520,3
1521,3
1522,3
1523,3
1524,3
1525,4
1526,4
1527,4
1528,4
1529,3
1530,3
1531,3
1532,3
1533,3
1534,4
1535,4
1536,4
1537,3
1538,4
1539,3
1540,5
1541,3
1542,3
1543,3
1544,5
1545,3
1546,5
1547,4
1548,4
1549,4
1550,5
1551,3
1552,4
1553,3
1554,4
1555,3
1556,3
1557,5
1558,4
1559,3
1560,2
1561,4
1562,5
1563,3
1564,3
1565,5
1566,4
1567,4
1568,4
1569,3
1570,3
1571,3
1572,3
1573,3
1574,3
1575,4
1576,3
1577,4
1578,3
1579,4
1580,3
1581,3
1582,3
1583,5
1584,3
1585,3
1586,3
1587,3
1588,3
1589,4
1590,3
1591,3
1592,3
1593,3
1594,3
1595,3
1596,3
1597,3
1598,3
1599,3
1600,4
1601,3
1602,3
1603,4
1604,3
1605,3
1606,3
1607,3
1608,3
1609,5
1610,5
1611,4
1612,3
1613,3
1614,3
1615,3
1616,3
1617,3
1618,4
1619,3
1620,3
1621,3
1622,3
1623,4
1624,5
1625,3
1626,3
1627,3
1628,4
1629,4
1630,3
1631,4
1632,3
1633,3
1634,3
1635,4
1636,3
1637,4
1638,4
1639,3
1640,4
1641,4
1642,3
1643,4
1644,4
1645,5
1646,3
1647,4
1648,4
1649,3
1650,3
1651,3
1652,3
1653,3
1654,3
1655,3
1656,3
1657,3
1658,3
1659,4
1660,3
1661,3
1662,4
1663,3
1664,3
1665,3
1666,3
1667,3
1668,3
1669,5
1670,3
1671,5
1672,3
1673,5
1674,3
1675,3
1676,5
1677,3
1678,5
1679,3
1680,5
1681,4
1682,4
1683,3
1684,3
1685,3
1686,4
1687,3
1688,3
1689,5
1690,3
1691,3
1692,3
1693,3
1694,3
1695,4
1696,5
1697,4
1698,3
1699,4
1700,4
1701,3
1702,3
1703,3
1704,5
1705,3
1706,3
1707,5
1708,5
1709,3
1710,3
1711,3
1712,3
1713,4
1714,3
1715,3
1716,3
1717,3
1718,3
1719,4
1720,3
1721,5
1722,4
1723,4
1724,3
1725,3
1726,3
1727,3
1728,3
1729,4
1730,3
1731,4
1732,5
1733,3
1734,3
1735,4
1736,3
1737,3
1738,3
1739,3
1740,4
1741,5
1742,5
1743,5
1744,5
1745,4
1746,5
1747,3
1748,4
1749,3
1750,3
1751,3
1752,4
1753,3
1754,5
1755,3
1756,4
1757,4
1758,5
1759,4
1760,5
1761,4
1762,3
1763,3
1764,3
1765,3
1766,3
1767,4
1768,3
1769,3
1770,4
1771,3
1772,4
1773,4
1774,4
1775,4
1776,4
1777,5
1778,3
1779,4
1780,3
1781,4
1782,4
1783,3
1784,5
1785,5
1786,4
1787,3
1788,4
1789,3
1790,4
1791,3
1792,3
1793,5
1794,5
1795,3
1796,3
1797,3
1798,3
1799,3
1800,3
1801,4
1802,3
1803,5
1804,4
1805,3
1806,4
1807,4
1808,5
1809,4
1810,4
1811,3
1812,4
1813,4
1814,5
1815,3
1816,4
1817,3
1818,4
1819,5
1820,3
1821,3
1822,3
1823,3
1824,4
1825,3
1826,4
1827,3
1828,3
1829,3
1830,3
1831,3
1832,3
1833,5
1834,3
1835,5
1836,3
1837,5
1838,3
1839,3
1840,3
1841,3
1842,4
1843,3
1844,4
1845,3
1846,4
1847,3
1848,3
1849,3
1850,3
1851,3
1852,3
1853,4
1854,3
1855,4
1856,4
1857,3
1858,2
1859,3
1860,4
1861,3
1862,3
1863,3
1864,3
1865,3
1866,3
1867,3
1868,3
1869,4
1870,3
1871,3
1872,3
1873,5
1874,5
1875,3
1876,5
1877,4
1878,5
1879,3
1880,4
1881,4
1882,3
1883,5
1884,3
1885,3
1886,4
1887,4
1888,3
1889,3
1890,4
1891,4
1892,3
1893,4
1894,3
1895,3
1896,4
1897,3
1898,3
1899,4
1900,4
1901,3
1902,3
1903,4
1904,4
1905,5
1906,3
1907,4
1908,3
1909,3
1910,3
1911,3
1912,5
1913,4
1914,3
1915,3
1916,3
1917,4
1918,4
1919,3
1920,3
1921,5
1922,3
1923,3
1924,3
1925,3
1926,3
1927,3
1928,3
1929,3
1930,4
1931,3
1932,3
1933,5
1934,4
1935,3
1936,3
1937,4
1938,4
1939,5
1940,3
1941,3
1942,3
1943,4
1944,3
1945,4
1946,3
1947,3
1948,4
1949,3
1950,3
1951,4
1952,4
1953,3
1954,3
1955,3
1956,3
1957,3
1958,4
1959,3
1960,4
1961,4
1962,4
1963,3
1964,3
1965,3
1966,4
1967,2
1968,3
1969,5
1970,4
1971,5
1972,3
1973,3
1974,3
1975,3
1976,3
1977,3
1978,3
1979,3
1980,4
1981,4
1982,3
1983,3
1984,3
1985,3
1986,4
1987,3
1988,3
1989,3
1990,3
1991,3
1992,3
1993,3
1994,3
1995,5
1996,3
1997,4
1998,3
1999,3
2000,3
2001,3
2002,3
2003,4
2004,3
2005,3
2006,3
2007,4
2008,3
2009,3
2010,3
2011,3
2012,3
2013,3
2014,3
2015,3
2016,4
2017,3
2018,3
2019,3
2020,3
2021,3
2022,3
2023,4
2024,4
2025,4
2026,4
2027,4
2028,3
2029,3
2030,4
2031,3
2032,3
2033,3
2034,4
2035,3
2036,4
2037,5
2038,3
2039,5
2040,5
2041,4
2042,4
2043,3
2044,3
2045,4
2046,4
2047,3
2048,3
2049,3
2050,4
2051,3
2052,3
2053,4
2054,3
2055,4
2056,3
2057,2
2058,3
2059,3
2060,4
2061,5
2062,3
2063,3
2064,3
2065,4
2066,5
2067,4
2068,3
2069,3
2070,3
2071,3
2072,3
2073,3
2074,3
2075,3
2076,4
2077,3
2078,3
2079,3
2080,3
2081,3
2082,3
2083,4
2084,3
2085,3
2086,3
2087,3
2088,4
2089,3
2090,3
2091,3
2092,3
2093,4
2094,3
2095,4
2096,3
2097,4
2098,4
2099,4
2100,4
2101,3
2102,4
2103,4
2104,3
2105,4
2106,4
2107,4
2108,3
2109,5
2110,3
2111,3
2112,3
2113,4
2114,4
2115,3
2116,3
2117,4
2118,3
2119,3
2120,4
2121,4
2122,5
2123,3
2124,3
2125,3
2126,3
2127,5
2128,3
2129,3
2130,3
2131,4
2132,3
2133,3
2134,4
2135,4
2136,3
2137,4
2138,4
2139,3
2140,3
2141,4
2142,3
2143,3
2144,4
2145,3
2146,3
2147,3
2148,3
2149,3
2150,3
2151,4
2152,5
2153,3
2154,3
2155,3
2156,2
2157,4
2158,3
2159,3
2160,4
2161,3
2162,4
2163,2
2164,3
2165,3
2166,4
2167,3
2168,3
2169,3
2170,3
2171,4
2172,3
2173,3
2174,3
2175,3
2176,3
2177,4
2178,3
2179,3
2180,3
2181,5
2182,3
2183,3
2184,3
2185,3
2186,4
2187,3
2188,4
2189,4
2190,5
2191,3
2192,3
2193,4
2194,5
2195,3
2196,3
2197,3
2198,4
2199,3
2200,3
2201,3
2202,4
2203,4
2204,3
2205,4
2206,3
2207,3
2208,4
2209,3
2210,4
2211,3
2212,3
2213,3
2214,4
2215,4
2216,4
2217,3
2218,3
2219,3
2220,3
2221,3
2222,4
2223,4
2224,3
2225,4
2226,3
2227,3
2228,5
2229,3
2230,3
2231,3
2232,4
2233,3
2234,3
2235,3
2236,5
2237,3
2238,3
2239,3
2240,4
2241,4
2242,3
2243,4
2244,3
2245,3
2246,3
2247,3
2248,3
2249,3
2250,3
2251,3
2252,4
2253,5
2254,3
2255,4
2256,3
2257,4
2258,3
2259,4
2260,3
2261,4
2262,3
2263,4
2264,3
2265,3
2266,3
2267,3
2268,3
2269,3
2270,3
2271,3
2272,4
2273,5
2274,5
2275,4
2276,3
2277,4
2278,4
2279,3
2280,3
2281,4
2282,4
2283,3
2284,3
2285,3
2286,5
2287,3
2288,3
2289,3
2290,3
2291,3
2292,5
2293,3
2294,4
2295,3
2296,5
2297,3
2298,4
2299,3
2300,3
2301,3
2302,3
2303,4
2304,4
2305,3
2306,3
2307,5
2308,4
2309,3
2310,3
2311,3
2312,4
2313,3
2314,3
2315,3
2316,5
2317,3
2318,3
2319,3
2320,3
2321,3
2322,5
2323,3
2324,5
2325,4
2326,4
2327,3
2328,4
2329,3
2330,3
2331,3
2332,3
2333,3
2334,3
2335,3
2336,3
2337,3
2338,1
2339,3
2340,5
2341,3
2342,5
2343,3
2344,4
2345,5
2346,4
2347,5
2348,3
2349,4
2350,3
2351,4
2352,3
2353,3
2354,3
2355,3
2356,3
2357,3
2358,3
2359,3
2360,3
2361,5
2362,3
2363,5
2364,3
2365,5
2366,3
2367,4
2368,4
2369,3
2370,4
2371,3
2372,3
2373,3
2374,3
2375,3
2376,4
2377,4
2378,3
2379,4
2380,3
2381,5
2382,4
2383,4
2384,3
2385,3
2386,4
2387,3
2388,3
2389,4
2390,5
2391,3
2392,3
2393,4
2394,3
2395,5
2396,5
2397,4
2398,5
2399,3
2400,4
2401,3
2402,3
2403,4
2404,4
2405,4
2406,3
2407,4
2408,3
2409,3
2410,3
2411,3
2412,4
2413,3
2414,3
2415,4
2416,4
2417,3
2418,3
2419,3
2420,3
2421,3
2422,3
2423,4
2424,5
2425,4
2426,3
2427,3
2428,4
2429,4
2430,4
2431,3
2432,4
2433,5
2434,3
2435,3
2436,3
2437,3
2438,3
2439,5
2440,5
2441,3
2442,4
2443,4
2444,3
2445,3
2446,3
2447,3
2448,3
2449,4
2450,3
2451,4
2452,3
2453,3
2454,3
2455,4
2456,3
2457,3
2458,4
2459,4
2460,5
2461,3
2462,4
2463,3
2464,3
2465,5
2466,4
2467,3
2468,3
2469,3
2470,3
2471,4
2472,3
2473,3
2474,4
2475,4
2476,4
2477,3
2478,3
2479,3
2480,3
2481,3
2482,4
2483,3
2484,5
2485,3
2486,5
2487,3
2488,3
2489,3
2490,4
2491,3
2492,4
2493,3
2494,4
2495,5
2496,5
2497,3
2498,4
2499,3
2500,4
2501,5
2502,3
2503,3
2504,4
2505,5
2506,3
2507,3
2508,3
2509,3
2510,3
2511,3
2512,3
2513,3
2514,3
2515,3
2516,3
2517,3
2518,5
2519,4
2520,3
2521,3
2522,3
2523,3
2524,3
2525,4
2526,3
2527,4
2528,4
2529,5
2530,4
2531,3
2532,3
2533,3
2534,4
2535,4
2536,4
2537,3
2538,3
2539,3
2540,3
2541,3
2542,3
2543,3
2544,5
2545,3
2546,3
2547,3
2548,2
2549,4
2550,4
2551,3
2552,3
2553,3
2554,3
2555,3
2556,4
2557,3
2558,3
2559,3
2560,3
2561,3
2562,3
2563,5
2564,3
2565,4
2566,5
2567,4
2568,3
2569,3
2570,3
2571,3
2572,4
2573,4
2574,3
2575,3
2576,3
2577,3
2578,3
2579,3
2580,3
2581,3
2582,3
2583,4
2584,4
2585,4
2586,3
2587,4
2588,4
2589,4
2590,4
2591,3
2592,4
2593,3
2594,3
2595,3
2596,3
2597,4
2598,3
2599,5
2600,4
2601,4
2602,4
2603,3
2604,4
2605,4
2606,3
2607,3
2608,4
2609,4
2610,3
2611,3
2612,3
2613,3
2614,3
2615,3
2616,3
2617,3
2618,3
2619,3
2620,3
2621,3
2622,3
2623,4
2624,3
2625,3
2626,3
2627,4
2628,4
2629,3
2630,4
2631,3
2632,3
2633,4
2634,3
2635,4
2636,4
2637,3
2638,3
2639,3
2640,5
2641,3
2642,3
2643,3
2644,3
2645,3
2646,3
2647,3
2648,3
2649,3
2650,4
2651,3
2652,3
2653,4
2654,3
2655,3
2656,4
2657,3
2658,3
2659,3
2660,3
2661,3
2662,5
2663,3
2664,5
2665,2
2666,3
2667,3
2668,3
2669,3
2670,3
2671,3
2672,3
2673,3
2674,3
2675,3
2676,4
2677,3
2678,3
2679,4
2680,5
2681,3
2682,3
2683,3
2684,3
2685,3
2686,4
2687,3
2688,3
2689,3
2690,3
2691,3
2692,4
2693,3
2694,5
2695,3
2696,3
2697,3
2698,3
2699,3
2700,3
2701,5
2702,3
2703,3
2704,3
2705,3
2706,5
2707,4
2708,3
2709,3
2710,4
2711,4
2712,5
2713,3
2714,4
2715,4
2716,4
2717,3
2718,3
2719,4
2720,3
2721,3
2722,3
2723,3
2724,3
2725,3
2726,3
2727,3
2728,3
2729,3
2730,3
2731,3
2732,3
2733,3
2734,4
2735,4
2736,5
2737,5
2738,3
2739,3
2740,5
2741,5
2742,4
2743,3
2744,3
2745,3
2746,3
2747,3
2748,3
2749,3
2750,4
2751,4
2752,4
2753,3
2754,3
2755,3
2756,3
2757,4
2758,4
2759,3
2760,3
2761,4
2762,3
2763,4
2764,5
2765,4
2766,3
2767,3
2768,3
2769,3
2770,3
2771,3
2772,4
2773,5
2774,3
2775,3
2776,3
2777,5
2778,3
2779,3
2780,3
2781,4
2782,4
2783,4
2784,3
2785,4
2786,3
2787,3
2788,3
2789,3
2790,4
2791,4
2792,3
2793,3
2794,4
2795,3
2796,4
2797,3
2798,3
2799,3
2800,4
2801,3
2802,3
2803,3
2804,4
2805,3
2806,3
2807,3
2808,3
2809,3
2810,3
2811,3
2812,3
2813,3
2814,3
2815,3
2816,3
2817,3
2818,3
2819,3
2820,3
2821,4
2822,3
2823,4
2824,3
2825,3
2826,4
2827,3
2828,4
2829,3
2830,3
2831,3
2832,3
2833,3
2834,3
2835,4
2836,3
2837,4
2838,4
2839,4
2840,5
2841,3
2842,3
2843,5
2844,3
2845,5
2846,4
2847,3
2848,4
2849,3
2850,3
2851,3
2852,4
2853,4
2854,3
2855,5
2856,3
2857,4
2858,2
2859,3
2860,3
2861,5
2862,3
2863,5
2864,3
2865,4
2866,3
2867,4
2868,4
2869,3
2870,3
2871,4
2872,4
2873,3
2874,3
2875,3
2876,3
2877,4
2878,3
2879,5
2880,3
2881,5
2882,4
2883,4
2884,3
2885,4
2886,3
2887,3
2888,3
2889,3
2890,3
2891,4
2892,4
2893,3
2894,5
2895,3
2896,3
2897,3
2898,3
2899,3
2900,4
2901,3
2902,3
2903,3
2904,3
2905,3
2906,3
2907,3
2908,4
2909,3
2910,3
2911,3
2912,3
2913,3
2914,3
2915,3
2916,3
2917,3
2918,3
2919,3
2920,3
2921,3
2922,5
2923,3
2924,4
2925,3
2926,4
2927,3
2928,4
2929,4
2930,3
2931,3
2932,3
2933,3
2934,3
2935,3
2936,4
2937,4
2938,4
2939,3
2940,4
2941,4
2942,5
2943,3
2944,4
2945,3
2946,4
2947,3
2948,3
2949,3
2950,3
2951,3
2952,4
2953,3
2954,3
2955,3
2956,3
2957,4
2958,5
2959,3
2960,3
2961,3
2962,3
2963,3
2964,3
2965,4
2966,3
2967,2
2968,4
2969,3
2970,3
2971,5
2972,3
2973,3
2974,3
2975,3
2976,3
2977,3
2978,3
2979,4
2980,4
2981,4
2982,3
2983,3
2984,5
2985,3
2986,4
2987,5
2988,5
2989,3
2990,4
2991,3
2992,3
2993,3
2994,4
2995,3
2996,3
2997,3
2998,4
2999,3
3000,3
3001,3
3002,4
3003,3
3004,4
3005,3
3006,4
3007,3
3008,4
3009,3
3010,3
3011,3
3012,3
3013,3
3014,3
3015,3
3016,4
3017,3
3018,3
3019,4
3020,3
3021,4
3022,3
3023,3
3024,4
3025,3
3026,3
3027,3
3028,5
3029,3
3030,4
3031,4
3032,4
3033,3
3034,3
3035,1
3036,3
3037,3
3038,4
3039,3
3040,4
3041,4
3042,3
3043,4
3044,4
3045,4
3046,3
3047,3
3048,3
3049,3
3050,3
3051,4
3052,4
3053,4
3054,3
3055,3
3056,5
3057,4
3058,3
3059,3
3060,3
3061,5
3062,4
3063,3
3064,3
3065,3
3066,3
3067,5
3068,3
3069,3
3070,3
3071,3
3072,3
3073,4
3074,3
3075,4
3076,4
3077,3
3078,3
3079,5
3080,4
3081,3
3082,4
3083,4
3084,4
3085,4
3086,4
3087,3
3088,3
3089,3
3090,3
3091,3
3092,3
3093,4
3094,3
3095,3
3096,5
3097,4
3098,3
3099,3
3100,3
3101,3
3102,3
3103,5
3104,3
3105,3
3106,4
3107,4
3108,3
3109,3
3110,3
3111,3
3112,3
3113,3
3114,3
3115,4
3116,3
3117,3
3118,5
3119,3
3120,4
3121,4
3122,4
3123,3
3124,4
3125,3
3126,3
3127,5
3128,3
3129,3
3130,3
3131,4
3132,3
3133,5
3134,5
3135,4
3136,4
3137,4
3138,3
3139,3
3140,4
3141,5
3142,3
3143,3
3144,4
3145,3
3146,3
3147,3
3148,3
3149,3
3150,3
3151,3
3152,3
3153,3
3154,4
3155,3
3156,4
3157,3
3158,3
3159,3
3160,3
3161,3
3162,3
3163,3
3164,3
3165,3
3166,3
3167,3
3168,3
3169,3
3170,3
3171,4
3172,4
3173,3
3174,3
3175,3
3176,3
3177,3
3178,5
3179,3
3180,4
3181,4
3182,3
3183,4
3184,3
3185,3
3186,3
3187,5
3188,4
3189,3
3190,3
3191,3
3192,3
3193,4
3194,3
3195,3
3196,5
3197,3
3198,3
3199,5
3200,3
3201,3
3202,3
3203,3
3204,3
3205,4
3206,3
3207,5
3208,5
3209,3
3210,3
3211,5
3212,5
3213,4
3214,3
3215,3
3216,3
3217,5
3218,3
3219,3
3220,4
3221,5
3222,3
3223,4
3224,4
3225,5
3226,3
3227,4
3228,3
3229,4
3230,3
3231,4
3232,3
3233,3
3234,4
3235,5
3236,4
3237,4
3238,3
3239,3
3240,3
3241,3
3242,3
3243,4
3244,4
3245,4
3246,3
3247,3
3248,3
3249,3
3250,4
3251,3
3252,5
3253,3
3254,4
3255,3
3256,4
3257,3
3258,4
3259,3
3260,5
3261,3
3262,3
3263,4
3264,3
3265,3
3266,4
3267,3
3268,4
3269,3
3270,3
3271,3
3272,3
3273,3
3274,3
3275,3
3276,3
3277,4
3278,4
3279,3
3280,3
3281,3
3282,3
3283,4
3284,3
3285,3
3286,4
3287,3
3288,3
3289,3
3290,3
3291,4
3292,4
3293,3
3294,3
3295,3
3296,5
3297,3
3298,3
3299,3
3300,3
3301,3
3302,3
3303,5
3304,4
3305,4
3306,3
3307,3
3308,3
3309,3
3310,4
3311,3
3312,5
3313,3
3314,3
3315,4
3316,3
3317,3
3318,3
3319,4
3320,3
3321,5
3322,4
3323,4
3324,4
3325,4
3326,5
3327,3
3328,3
3329,3
3330,3
3331,3
3332,4
3333,4
3334,4
3335,5
3336,2
3337,3
3338,5
3339,3
3340,3
3341,3
3342,3
3343,4
3344,4
3345,3
3346,4
3347,4
3348,3
3349,3
3350,4
3351,3
3352,4
3353,4
3354,5
3355,3
3356,3
3357,3
3358,4
3359,5
3360,3
3361,3
3362,4
3363,4
3364,5
3365,3
3366,3
3367,4
3368,3
3369,3
3370,5
3371,3
3372,3
3373,3
3374,4
3375,5
3376,3
3377,3
3378,3
3379,4
3380,5
3381,4
3382,3
3383,3
3384,4
3385,3
3386,3
3387,4
3388,5
3389,3
3390,3
3391,3
3392,3
3393,3
3394,3
3395,3
3396,3
3397,3
3398,3
3399,3
3400,3
3401,3
3402,3
3403,3
3404,3
3405,4
3406,3
3407,5
3408,4
3409,3
3410,3
3411,4
3412,3
3413,5
3414,3
3415,3
3416,4
3417,4
3418,4
3419,3
3420,5
3421,4
3422,3
3423,4
3424,3
3425,3
3426,3
3427,3
3428,3
3429,5
3430,4
3431,3
3432,4
3433,3
3434,4
3435,5
3436,3
3437,5
3438,3
3439,3
3440,4
3441,3
3442,3
3443,3
3444,3
3445,5
3446,4
3447,5
3448,3
3449,4
3450,3
3451,4
3452,4
3453,4
3454,3
3455,3
3456,4
3457,3
3458,3
3459,5
3460,3
3461,4
3462,3
3463,5
3464,3
3465,3
3466,4
3467,3
3468,3
3469,4
3470,3
3471,3
3472,4
3473,3
3474,5
3475,3
3476,4
3477,3
3478,4
3479,3
3480,4
3481,4
3482,3
3483,3
3484,4
3485,4
3486,3
3487,4
3488,4
3489,3
3490,3
3491,3
3492,3
3493,5
3494,3
3495,4
3496,3
3497,5
3498,3
3499,3
3500,3
3501,3
3502,4
3503,3
3504,5
3505,3
3506,3
3507,4
3508,4
3509,3
3510,4
3511,5
3512,3
3513,3
3514,3
3515,3
3516,3
3517,3
3518,3
3519,3
3520,3
3521,3
3522,3
3523,3
3524,3
3525,3
3526,5
3527,3
3528,4
3529,3
3530,3
3531,4
3532,3
3533,5
3534,3
3535,5
3536,3
3537,4
3538,4
3539,3
3540,3
3541,3
3542,3
3543,3
3544,3
3545,4
3546,3
3547,5
3548,4
3549,3
3550,4
3551,3
3552,3
3553,3
3554,4
3555,5
3556,3
3557,5
3558,4
3559,3
3560,3
3561,3
3562,3
3563,3
3564,5
3565,4
3566,4
3567,3
3568,3
3569,5
3570,4
3571,3
3572,3
3573,3
3574,3
3575,3
3576,3
3577,3
3578,3
3579,5
3580,3
3581,3
3582,3
3583,4
3584,3
3585,4
3586,4
3587,4
3588,3
3589,3
3590,4
3591,4
3592,4
3593,3
3594,3
3595,3
3596,3
3597,3
3598,3
3599,3
3600,3
3601,3
3602,3
3603,3
3604,3
3605,3
3606,3
3607,3
3608,3
3609,3
3610,4
3611,3
3612,3
3613,3
3614,4
3615,5
3616,3
3617,4
3618,4
3619,3
3620,3
3621,3
3622,3
3623,4
3624,3
3625,5
3626,4
3627,4
3628,3
3629,3
3630,3
3631,5
3632,3
3633,3
3634,3
3635,3
3636,4
3637,3
3638,4
3639,3
3640,3
3641,3
3642,3
3643,3
3644,2
3645,5
3646,3
3647,3
3648,3
3649,3
3650,3
3651,3
3652,3
3653,4
3654,3
3655,4
3656,4
3657,3
3658,4
3659,3
3660,3
3661,3
3662,4
3663,3
3664,3
3665,4
3666,4
3667,4
3668,3
3669,2
3670,3
3671,3
3672,2
3673,3
3674,3
3675,3
3676,3
3677,4
3678,5
3679,1
3680,3
3681,3
3682,3
3683,3
3684,3
3685,3
3686,3
3687,3
3688,4
3689,4
3690,3
3691,3
3692,3
3693,3
3694,3
3695,3
3696,3
3697,3
3698,3
3699,3
3700,3
3701,3
3702,3
3703,4
3704,3
3705,3
3706,3
3707,3
3708,3
3709,3
3710,3
3711,3
3712,3
3713,3
3714,4
3715,3
3716,3
3717,3
3718,5
3719,3
3720,4
3721,3
3722,5
3723,3
3724,4
3725,3
3726,3
3727,3
3728,3
3729,3
3730,4
3731,3
3732,3
3733,3
3734,3
3735,3
3736,4
3737,3
3738,3
3739,5
3740,3
3741,3
3742,3
3743,4
3744,3
3745,3
3746,3
3747,3
3748,5
3749,5
3750,5
3751,4
3752,5
3753,5
3754,3
3755,3
3756,3
3757,3
3758,3
3759,3
3760,4
3761,3
3762,3
3763,5
3764,3
3765,3
3766,4
3767,4
3768,3
3769,4
3770,3
3771,3
3772,4
3773,3
3774,4
3775,5
3776,3
3777,3
3778,4
3779,5
3780,3
3781,4
3782,4
3783,4
3784,4
3785,3
3786,3
3787,4
3788,3
3789,3
3790,3
3791,4
3792,3
3793,4
3794,3
3795,4
3796,4
3797,3
3798,4
3799,5
3800,3
3801,3
3802,3
3803,3
3804,3
3805,3
3806,3
3807,3
3808,3
3809,3
3810,3
3811,3
3812,4
3813,3
3814,3
3815,3
3816,3
3817,4
3818,4
3819,4
3820,3
3821,4
3822,3
3823,3
3824,3
3825,3
3826,3
3827,3
3828,4
3829,5
3830,3
3831,3
3832,4
3833,3
3834,3
3835,3
3836,3
3837,3
3838,4
3839,3
3840,4
3841,4
3842,3
3843,3
3844,3
3845,3
3846,5
3847,3
3848,4
3849,4
3850,4
3851,4
3852,4
3853,5
3854,3
3855,3
3856,4
3857,4
3858,3
3859,5
3860,4
3861,3
3862,3
3863,3
3864,4
3865,3
3866,3
3867,3
3868,5
3869,4
3870,4
3871,4
3872,5
3873,3
3874,5
3875,3
3876,5
3877,3
3878,3
3879,3
3880,3
3881,3
3882,3
3883,3
3884,3
3885,3
3886,3
3887,3
3888,3
3889,3
3890,3
3891,3
3892,4
3893,5
3894,4
3895,3
3896,3
3897,4
3898,3
3899,3
3900,4
3901,3
3902,4
3903,3
3904,4
3905,5
3906,3
3907,3
3908,3
3909,4
3910,4
3911,3
3912,3
3913,3
3914,3
3915,5
3916,3
3917,3
3918,3
3919,3
3920,5
3921,3
3922,5
3923,5
3924,3
3925,4
3926,3
3927,5
3928,3
3929,3
3930,4
3931,3
3932,3
3933,3
3934,5
3935,3
3936,3
3937,3
3938,3
3939,3
3940,4
3941,3
3942,3
3943,3
3944,3
3945,3
3946,4
3947,3
3948,4
3949,5
3950,3
3951,3
3952,3
3953,3
3954,3
3955,3
3956,3
3957,3
3958,3
3959,3
3960,3
3961,3
3962,5
3963,3
3964,3
3965,4
3966,3
3967,3
3968,3
3969,3
3970,3
3971,3
3972,3
3973,4
3974,3
3975,4
3976,4
3977,3
3978,3
3979,3
3980,5
3981,3
3982,4
3983,3
3984,3
3985,4
3986,5
3987,3
3988,3
3989,4
3990,4
3991,3
3992,5
3993,5
3994,3
3995,3
3996,4
3997,4
3998,4
3999,3
4000,5
4001,3
4002,3
4003,3
4004,3
4005,3
4006,4
4007,4
4008,4
4009,3
4010,3
4011,3
4012,3
4013,5
4014,3
4015,4
4016,4
4017,3
4018,4
4019,5
4020,4
4021,4
4022,3
4023,4
4024,4
4025,4
4026,3
4027,4
4028,3
4029,3
4030,3
4031,5
4032,3
4033,4
4034,3
4035,3
4036,3
4037,3
4038,3
4039,3
4040,3
4041,3
4042,3
4043,3
4044,3
4045,3
4046,3
4047,4
4048,3
4049,4
4050,3
4051,3
4052,4
4053,3
4054,3
4055,4
4056,4
4057,4
4058,3
4059,5
4060,3
4061,4
4062,4
4063,4
4064,3
4065,3
4066,3
4067,3
4068,3
4069,3
4070,4
4071,2
4072,4
4073,3
4074,3
4075,4
4076,3
4077,3
4078,3
4079,4
4080,3
4081,3
4082,3
4083,3
4084,3
4085,4
4086,3
4087,3
4088,4
4089,3
4090,3
4091,4
4092,3
4093,4
4094,3
4095,3
4096,3
4097,3
4098,3
4099,4
4100,3
4101,3
4102,4
4103,3
4104,3
4105,3
4106,4
4107,4
4108,3
4109,4
4110,4
4111,3
4112,3
4113,4
4114,4
4115,4
4116,3
4117,3
4118,2
4119,5
4120,3
4121,3
4122,3
4123,3
4124,3
4125,3
4126,3
4127,3
4128,5
4129,4
4130,3
4131,3
4132,5
4133,3
4134,3
4135,4
4136,3
4137,3
4138,4
4139,3
4140,3
4141,4
4142,3
4143,4
4144,3
4145,2
4146,5
4147,4
4148,3
4149,4
4150,5
4151,3
4152,3
4153,3
4154,3
4155,3
4156,3
4157,3
4158,3
4159,3
4160,3
4161,3
4162,3
4163,3
4164,3
4165,3
4166,3
4167,5
4168,4
4169,4
4170,3
4171,3
4172,3
4173,4
4174,5
4175,3
4176,4
4177,3
4178,3
4179,3
4180,5
4181,4
4182,4
4183,3
4184,3
4185,4
4186,3
4187,3
4188,3
4189,3
4190,3
4191,4
4192,3
4193,4
4194,4
4195,4
4196,3
4197,4
4198,3
4199,4
4200,4
4201,3
4202,4
4203,3
4204,4
4205,4
4206,3
4207,3
4208,5
4209,3
4210,3
4211,4
4212,3
4213,3
4214,5
4215,4
4216,3
4217,4
4218,3
4219,4
4220,4
4221,5
4222,3
4223,3
4224,4
4225,3
4226,3
4227,3
4228,3
4229,5
4230,3
4231,3
4232,3
4233,4
4234,3
4235,4
4236,4
4237,4
4238,3
4239,4
4240,4
4241,3
4242,3
4243,4
4244,4
4245,3
4246,4
4247,5
4248,3
4249,4
4250,4
4251,3
4252,3
4253,3
4254,4
4255,3
4256,3
4257,4
4258,4
4259,4
4260,4
4261,5
4262,4
4263,4
4264,3
4265,4
4266,3
4267,4
4268,4
4269,3
4270,3
4271,3
4272,3
4273,4
4274,3
4275,3
4276,3
4277,3
4278,3
4279,3
4280,3
4281,3
4282,3
4283,3
4284,3
4285,3
4286,4
4287,4
4288,3
4289,5
4290,5
4291,3
4292,4
4293,4
4294,4
4295,4
4296,3
4297,3
4298,5
4299,3
4300,4
4301,3
4302,5
4303,3
4304,3
4305,3
4306,4
4307,3
4308,3
4309,4
4310,3
4311,3
4312,3
4313,3
4314,3
4315,4
4316,4
4317,3
4318,3
4319,3
4320,3
4321,3
4322,3
4323,4
4324,3
4325,3
4326,4
4327,4
4328,3
4329,3
4330,4
4331,4
4332,3
4333,3
4334,4
4335,4
4336,3
4337,3
4338,3
4339,4
4340,3
4341,3
4342,3
4343,3
4344,4
4345,3
4346,4
4347,3
4348,3
4349,3
4350,4
4351,4
4352,1
4353,3
4354,3
4355,4
4356,3
4357,4
4358,4
4359,4
4360,3
4361,4
4362,5
4363,3
4364,4
4365,3
4366,3
4367,3
4368,5
4369,2
4370,3
4371,5
4372,3
4373,3
4374,4
4375,3
4376,3
4377,4
4378,3
4379,3
4380,4
4381,3
4382,3
4383,3
4384,3
4385,3
4386,3
4387,4
4388,4
4389,3
4390,3
4391,4
4392,3
4393,3
4394,4
4395,5
4396,3
4397,3
4398,3
4399,4
4400,3
4401,3
4402,4
4403,3
4404,3
4405,4
4406,3
4407,4
4408,4
4409,4
4410,3
4411,3
4412,4
4413,5
4414,3
4415,4
4416,5
4417,3
4418,3
4419,3
4420,4
4421,3
4422,3
4423,4
4424,3
4425,4
4426,4
4427,3
4428,3
4429,3
4430,4
4431,3
4432,3
4433,3
4434,3
4435,3
4436,4
4437,4
4438,3
4439,3
4440,3
4441,3
4442,3
4443,3
4444,3
4445,3
4446,3
4447,3
4448,4
4449,5
4450,4
4451,5
4452,4
4453,3
4454,4
4455,3
4456,3
4457,4
4458,3
4459,5
4460,3
4461,4
4462,4
4463,3
4464,4
4465,5
4466,5
4467,3
4468,3
4469,3
4470,4
4471,3
4472,4
4473,3
4474,4
4475,3
4476,3
4477,3
4478,3
4479,5
4480,4
4481,5
4482,3
4483,5
4484,3
4485,3
4486,4
4487,4
4488,5
4489,4
4490,5
4491,3
4492,3
4493,4
4494,4
4495,3
4496,3
4497,3
4498,3
4499,5
4500,3
4501,5
4502,4
4503,4
4504,4
4505,3
4506,3
4507,3
4508,4
4509,3
4510,3
4511,3
4512,3
4513,4
4514,3
4515,3
4516,4
4517,3
4518,3
4519,3
4520,4
4521,5
4522,2
4523,3
4524,3
4525,5
4526,3
4527,4
4528,5
4529,3
4530,3
4531,3
4532,3
4533,4
4534,5
4535,3
4536,4
4537,3
4538,3
4539,4
4540,3
4541,3
4542,3
4543,3
4544,3
4545,3
4546,4
4547,3
4548,3
4549,3
4550,4
4551,3
4552,3
4553,3
4554,3
4555,4
4556,5
4557,3
4558,5
4559,5
4560,4
4561,4
4562,3
4563,4
4564,4
4565,3
4566,3
4567,5
4568,4
4569,3
4570,3
4571,4
4572,3
4573,3
4574,3
4575,3
4576,3
4577,5
4578,4
4579,4
4580,5
4581,4
4582,4
4583,4
4584,3
4585,4
4586,4
4587,3
4588,3
4589,3
4590,4
4591,3
4592,4
4593,3
4594,3
4595,3
4596,4
4597,3
4598,3
4599,3
4600,4